setup,rr,trades,wins,losses,win_rate_pct,win_rate_pct_num
DL,1.0,185,88,97,"47,6%",47.56756756756757
DL,1.5,180,69,111,"38,3%",38.333333333333336
DL,2.0,172,54,118,"31,4%",31.3953488372093
DL,3.0,164,39,125,"23,8%",23.78048780487805
PFR,1.0,405,195,210,"48,1%",48.148148148148145
PFR,1.5,389,159,230,"40,9%",40.87403598971722
PFR,2.0,373,129,244,"34,6%",34.584450402144775
PFR,3.0,358,92,266,"25,7%",25.69832402234637
