setup,rr,trades,wins,losses,win_rate_pct,win_rate_pct_num
PFR,1.0,419,201,218,"48,0%",47.97136038186158
PFR,1.5,403,162,241,"40,2%",40.198511166253105
PFR,2.0,390,133,257,"34,1%",34.1025641025641
